alpha,scaling_type,entropy,layer,head,head_name
0.5,Q,5.20781135559082,0,23,low_gain
0.75,Q,5.145387172698975,0,23,low_gain
1.0,Q,5.068547248840332,0,23,low_gain
1.25,Q,4.981805324554443,0,23,low_gain
1.5,Q,4.887966156005859,0,23,low_gain
0.5,K,5.068547248840332,0,23,low_gain
0.75,K,5.068547248840332,0,23,low_gain
1.0,K,5.068547248840332,0,23,low_gain
1.25,K,5.068547248840332,0,23,low_gain
1.5,K,5.068547248840332,0,23,low_gain
