alpha,scaling_type,entropy,layer,head,head_name
0.5,Q,4.924997329711914,20,19,high_gain
0.75,Q,3.9259746074676514,20,19,high_gain
1.0,Q,2.214287519454956,20,19,high_gain
1.25,Q,0.8851621150970459,20,19,high_gain
1.5,Q,0.300349622964859,20,19,high_gain
0.5,K,2.214287519454956,20,19,high_gain
0.75,K,2.214287519454956,20,19,high_gain
1.0,K,2.214287519454956,20,19,high_gain
1.25,K,2.214287519454956,20,19,high_gain
1.5,K,2.214287519454956,20,19,high_gain
