alpha,scaling_type,entropy,layer,head,head_name
0.5,Q,5.120559215545654,14,8,medium_gain
0.75,Q,4.9373273849487305,14,8,medium_gain
1.0,Q,4.6762495040893555,14,8,medium_gain
1.25,Q,4.343321800231934,14,8,medium_gain
1.5,Q,3.9587903022766113,14,8,medium_gain
0.5,K,4.6762495040893555,14,8,medium_gain
0.75,K,4.6762495040893555,14,8,medium_gain
1.0,K,4.6762495040893555,14,8,medium_gain
1.25,K,4.6762495040893555,14,8,medium_gain
1.5,K,4.6762495040893555,14,8,medium_gain
